{"consumes": ["application/json"], "definitions": {"bad_request": {"description": "Bad request model", "properties": {"error": {"description": "Bad request message", "type": "string"}}, "required": ["error"], "title": "Bad request", "type": "object", "x-model": "Bad request"}, "error_limited": {"description": "Error limited model", "properties": {"error": {"description": "Error limited message", "type": "string"}}, "required": ["error"], "title": "Error limited", "type": "object", "x-model": "Error limited"}, "forbidden": {"description": "Forbidden model", "properties": {"error": {"description": "Forbidden message", "type": "string"}, "sso_status": {"description": "status code received from SSO", "type": "integer"}}, "required": ["error"], "title": "Forbidden", "type": "object", "x-model": "Forbidden"}, "gateway_timeout": {"description": "Gateway timeout model", "properties": {"error": {"description": "Gateway timeout message", "type": "string"}, "timeout": {"description": "number of seconds the request was given", "type": "integer"}}, "required": ["error"], "title": "Gateway timeout", "type": "object", "x-model": "Gateway timeout"}, "internal_server_error": {"description": "Internal server error model", "properties": {"error": {"description": "Internal server error message", "type": "string"}}, "required": ["error"], "title": "Internal server error", "type": "object", "x-model": "Internal server error"}, "service_unavailable": {"description": "Service unavailable model", "properties": {"error": {"description": "Service unavailable message", "type": "string"}}, "required": ["error"], "title": "Service unavailable", "type": "object", "x-model": "Service unavailable"}, "unauthorized": {"description": "Unauthorized model", "properties": {"error": {"description": "Unauthorized message", "type": "string"}}, "required": ["error"], "title": "Unauthorized", "type": "object", "x-model": "Unauthorized"}}, "host": "esi.evetech.net", "info": {"description": "An OpenAPI for EVE Online", "title": "EVE Swagger Interface", "version": "0.8.3"}, "parameters": {"Accept-Language": {"default": "en-us", "description": "Language to use in the response", "enum": ["de", "en-us", "fr", "ja", "ru", "zh"], "in": "header", "name": "Accept-Language", "type": "string"}, "If-None-Match": {"description": "ETag from a previous request. A 304 will be returned if this matches the current ETag", "in": "header", "name": "If-None-Match", "type": "string"}, "alliance_id": {"description": "An EVE alliance ID", "format": "int32", "in": "path", "minimum": 1, "name": "alliance_id", "required": true, "type": "integer"}, "character_id": {"description": "An EVE character ID", "format": "int32", "in": "path", "minimum": 1, "name": "character_id", "required": true, "type": "integer"}, "corporation_id": {"description": "An EVE corporation ID", "format": "int32", "in": "path", "minimum": 1, "name": "corporation_id", "required": true, "type": "integer"}, "datasource": {"default": "tranquility", "description": "The server name you would like data from", "enum": ["tranquility", "singularity"], "in": "query", "name": "datasource", "type": "string"}, "language": {"default": "en-us", "description": "Language to use in the response, takes precedence over Accept-Language", "enum": ["de", "en-us", "fr", "ja", "ru", "zh"], "in": "query", "name": "language", "type": "string"}, "page": {"default": 1, "description": "Which page of results to return", "format": "int32", "in": "query", "minimum": 1, "name": "page", "type": "integer"}, "token": {"description": "Access token to use if unable to set a header", "in": "query", "name": "token", "type": "string"}}, "produces": ["application/json"], "schemes": ["https"], "securityDefinitions": {"evesso": {"authorizationUrl": "https://login.eveonline.com/oauth/authorize", "flow": "implicit", "scopes": {"esi-alliances.read_contacts.v1": "EVE SSO scope esi-alliances.read_contacts.v1", "esi-assets.read_assets.v1": "EVE SSO scope esi-assets.read_assets.v1", "esi-assets.read_corporation_assets.v1": "EVE SSO scope esi-assets.read_corporation_assets.v1", "esi-bookmarks.read_character_bookmarks.v1": "EVE SSO scope esi-bookmarks.read_character_bookmarks.v1", "esi-bookmarks.read_corporation_bookmarks.v1": "EVE SSO scope esi-bookmarks.read_corporation_bookmarks.v1", "esi-calendar.read_calendar_events.v1": "EVE SSO scope esi-calendar.read_calendar_events.v1", "esi-calendar.respond_calendar_events.v1": "EVE SSO scope esi-calendar.respond_calendar_events.v1", "esi-characters.read_agents_research.v1": "EVE SSO scope esi-characters.read_agents_research.v1", "esi-characters.read_blueprints.v1": "EVE SSO scope esi-characters.read_blueprints.v1", "esi-characters.read_contacts.v1": "EVE SSO scope esi-characters.read_contacts.v1", "esi-characters.read_corporation_roles.v1": "EVE SSO scope esi-characters.read_corporation_roles.v1", "esi-characters.read_fatigue.v1": "EVE SSO scope esi-characters.read_fatigue.v1", "esi-characters.read_fw_stats.v1": "EVE SSO scope esi-characters.read_fw_stats.v1", "esi-characters.read_loyalty.v1": "EVE SSO scope esi-characters.read_loyalty.v1", "esi-characters.read_medals.v1": "EVE SSO scope esi-characters.read_medals.v1", "esi-characters.read_notifications.v1": "EVE SSO scope esi-characters.read_notifications.v1", "esi-characters.read_opportunities.v1": "EVE SSO scope esi-characters.read_opportunities.v1", "esi-characters.read_standings.v1": "EVE SSO scope esi-characters.read_standings.v1", "esi-characters.read_titles.v1": "EVE SSO scope esi-characters.read_titles.v1", "esi-characters.write_contacts.v1": "EVE SSO scope esi-characters.write_contacts.v1", "esi-characterstats.read.v1": "EVE SSO scope esi-characterstats.read.v1", "esi-clones.read_clones.v1": "EVE SSO scope esi-clones.read_clones.v1", "esi-clones.read_implants.v1": "EVE SSO scope esi-clones.read_implants.v1", "esi-contracts.read_character_contracts.v1": "EVE SSO scope esi-contracts.read_character_contracts.v1", "esi-contracts.read_corporation_contracts.v1": "EVE SSO scope esi-contracts.read_corporation_contracts.v1", "esi-corporations.read_blueprints.v1": "EVE SSO scope esi-corporations.read_blueprints.v1", "esi-corporations.read_contacts.v1": "EVE SSO scope esi-corporations.read_contacts.v1", "esi-corporations.read_container_logs.v1": "EVE SSO scope esi-corporations.read_container_logs.v1", "esi-corporations.read_corporation_membership.v1": "EVE SSO scope esi-corporations.read_corporation_membership.v1", "esi-corporations.read_divisions.v1": "EVE SSO scope esi-corporations.read_divisions.v1", "esi-corporations.read_facilities.v1": "EVE SSO scope esi-corporations.read_facilities.v1", "esi-corporations.read_fw_stats.v1": "EVE SSO scope esi-corporations.read_fw_stats.v1", "esi-corporations.read_medals.v1": "EVE SSO scope esi-corporations.read_medals.v1", "esi-corporations.read_outposts.v1": "EVE SSO scope esi-corporations.read_outposts.v1", "esi-corporations.read_standings.v1": "EVE SSO scope esi-corporations.read_standings.v1", "esi-corporations.read_starbases.v1": "EVE SSO scope esi-corporations.read_starbases.v1", "esi-corporations.read_structures.v1": "EVE SSO scope esi-corporations.read_structures.v1", "esi-corporations.read_titles.v1": "EVE SSO scope esi-corporations.read_titles.v1", "esi-corporations.track_members.v1": "EVE SSO scope esi-corporations.track_members.v1", "esi-fittings.read_fittings.v1": "EVE SSO scope esi-fittings.read_fittings.v1", "esi-fittings.write_fittings.v1": "EVE SSO scope esi-fittings.write_fittings.v1", "esi-fleets.read_fleet.v1": "EVE SSO scope esi-fleets.read_fleet.v1", "esi-fleets.write_fleet.v1": "EVE SSO scope esi-fleets.write_fleet.v1", "esi-industry.read_character_jobs.v1": "EVE SSO scope esi-industry.read_character_jobs.v1", "esi-industry.read_character_mining.v1": "EVE SSO scope esi-industry.read_character_mining.v1", "esi-industry.read_corporation_jobs.v1": "EVE SSO scope esi-industry.read_corporation_jobs.v1", "esi-industry.read_corporation_mining.v1": "EVE SSO scope esi-industry.read_corporation_mining.v1", "esi-killmails.read_corporation_killmails.v1": "EVE SSO scope esi-killmails.read_corporation_killmails.v1", "esi-killmails.read_killmails.v1": "EVE SSO scope esi-killmails.read_killmails.v1", "esi-location.read_location.v1": "EVE SSO scope esi-location.read_location.v1", "esi-location.read_online.v1": "EVE SSO scope esi-location.read_online.v1", "esi-location.read_ship_type.v1": "EVE SSO scope esi-location.read_ship_type.v1", "esi-mail.organize_mail.v1": "EVE SSO scope esi-mail.organize_mail.v1", "esi-mail.read_mail.v1": "EVE SSO scope esi-mail.read_mail.v1", "esi-mail.send_mail.v1": "EVE SSO scope esi-mail.send_mail.v1", "esi-markets.read_character_orders.v1": "EVE SSO scope esi-markets.read_character_orders.v1", "esi-markets.read_corporation_orders.v1": "EVE SSO scope esi-markets.read_corporation_orders.v1", "esi-markets.structure_markets.v1": "EVE SSO scope esi-markets.structure_markets.v1", "esi-planets.manage_planets.v1": "EVE SSO scope esi-planets.manage_planets.v1", "esi-planets.read_customs_offices.v1": "EVE SSO scope esi-planets.read_customs_offices.v1", "esi-search.search_structures.v1": "EVE SSO scope esi-search.search_structures.v1", "esi-skills.read_skillqueue.v1": "EVE SSO scope esi-skills.read_skillqueue.v1", "esi-skills.read_skills.v1": "EVE SSO scope esi-skills.read_skills.v1", "esi-ui.open_window.v1": "EVE SSO scope esi-ui.open_window.v1", "esi-ui.write_waypoint.v1": "EVE SSO scope esi-ui.write_waypoint.v1", "esi-universe.read_structures.v1": "EVE SSO scope esi-universe.read_structures.v1", "esi-wallet.read_character_wallet.v1": "EVE SSO scope esi-wallet.read_character_wallet.v1", "esi-wallet.read_corporation_wallets.v1": "EVE SSO scope esi-wallet.read_corporation_wallets.v1"}, "type": "oauth2"}}, "swagger": "2.0", "paths": {"/v1/characters/{character_id}/location/": {"get": {"description": "Information about the characters current location. Returns the current solar system id, and also the current station or structure ID if applicable.\n\n---\n\nThis route is cached for up to 5 seconds", "operationId": "get_characters_character_id_location", "parameters": [{"$ref": "#/parameters/character_id", "x-scope": ["https://esi.evetech.net/_latest/swagger.json"]}, {"$ref": "#/parameters/datasource", "x-scope": ["https://esi.evetech.net/_latest/swagger.json"]}, {"$ref": "#/parameters/If-None-Match", "x-scope": ["https://esi.evetech.net/_latest/swagger.json"]}, {"$ref": "#/parameters/token", "x-scope": ["https://esi.evetech.net/_latest/swagger.json"]}], "responses": {"200": {"description": "Information about the characters current location. Returns the current solar system id, and also the current station or structure ID if applicable.", "examples": {"application/json": {"solar_system_id": 30002505, "structure_id": 1000000016989}}, "headers": {"Cache-Control": {"description": "The caching mechanism used", "type": "string"}, "ETag": {"description": "RFC7232 compliant entity tag", "type": "string"}, "Expires": {"description": "RFC7231 formatted datetime string", "type": "string"}, "Last-Modified": {"description": "RFC7231 formatted datetime string", "type": "string"}}, "schema": {"description": "200 ok object", "properties": {"solar_system_id": {"description": "solar_system_id integer", "format": "int32", "title": "get_characters_character_id_location_solar_system_id", "type": "integer"}, "station_id": {"description": "station_id integer", "format": "int32", "title": "get_characters_character_id_location_station_id", "type": "integer"}, "structure_id": {"description": "structure_id integer", "format": "int64", "title": "get_characters_character_id_location_structure_id", "type": "integer"}}, "required": ["solar_system_id"], "title": "get_characters_character_id_location_ok", "type": "object", "x-model": "get_characters_character_id_location_ok"}}, "304": {"description": "Not modified", "headers": {"Cache-Control": {"description": "The caching mechanism used", "type": "string"}, "ETag": {"description": "RFC7232 compliant entity tag", "type": "string"}, "Expires": {"description": "RFC7231 formatted datetime string", "type": "string"}, "Last-Modified": {"description": "RFC7231 formatted datetime string", "type": "string"}}}, "400": {"description": "Bad request", "examples": {"application/json": {"error": "Bad request message"}}, "schema": {"$ref": "#/definitions/bad_request", "x-scope": ["https://esi.evetech.net/_latest/swagger.json"]}}, "401": {"description": "Unauthorized", "examples": {"application/json": {"error": "Unauthorized message"}}, "schema": {"$ref": "#/definitions/unauthorized", "x-scope": ["https://esi.evetech.net/_latest/swagger.json"]}}, "403": {"description": "Forbidden", "examples": {"application/json": {"error": "Forbidden message"}}, "schema": {"$ref": "#/definitions/forbidden", "x-scope": ["https://esi.evetech.net/_latest/swagger.json"]}}, "420": {"description": "Error limited", "examples": {"application/json": {"error": "Error limited message"}}, "schema": {"$ref": "#/definitions/error_limited", "x-scope": ["https://esi.evetech.net/_latest/swagger.json"]}}, "500": {"description": "Internal server error", "examples": {"application/json": {"error": "Internal server error message"}}, "schema": {"$ref": "#/definitions/internal_server_error", "x-scope": ["https://esi.evetech.net/_latest/swagger.json"]}}, "503": {"description": "Service unavailable", "examples": {"application/json": {"error": "Service unavailable message"}}, "schema": {"$ref": "#/definitions/service_unavailable", "x-scope": ["https://esi.evetech.net/_latest/swagger.json"]}}, "504": {"description": "Gateway timeout", "examples": {"application/json": {"error": "Gateway timeout message"}}, "schema": {"$ref": "#/definitions/gateway_timeout", "x-scope": ["https://esi.evetech.net/_latest/swagger.json"]}}}, "security": [{"evesso": ["esi-location.read_location.v1"]}], "summary": "Get character location", "tags": ["Location"], "x-alternate-versions": ["dev", "legacy", "v1"], "x-cached-seconds": 5}}, "/v1/characters/{character_id}/ship/": {"get": {"description": "Get the current ship type, name and id\n\n---\n\nThis route is cached for up to 5 seconds", "operationId": "get_characters_character_id_ship", "parameters": [{"$ref": "#/parameters/character_id", "x-scope": ["https://esi.evetech.net/_latest/swagger.json"]}, {"$ref": "#/parameters/datasource", "x-scope": ["https://esi.evetech.net/_latest/swagger.json"]}, {"$ref": "#/parameters/If-None-Match", "x-scope": ["https://esi.evetech.net/_latest/swagger.json"]}, {"$ref": "#/parameters/token", "x-scope": ["https://esi.evetech.net/_latest/swagger.json"]}], "responses": {"200": {"description": "Get the current ship type, name and id", "examples": {"application/json": {"ship_item_id": 1000000016991, "ship_name": "SPACESHIPS!!!", "ship_type_id": 1233}}, "headers": {"Cache-Control": {"description": "The caching mechanism used", "type": "string"}, "ETag": {"description": "RFC7232 compliant entity tag", "type": "string"}, "Expires": {"description": "RFC7231 formatted datetime string", "type": "string"}, "Last-Modified": {"description": "RFC7231 formatted datetime string", "type": "string"}}, "schema": {"description": "200 ok object", "properties": {"ship_item_id": {"description": "Item id's are unique to a ship and persist until it is repackaged. This value can be used to track repeated uses of a ship, or detect when a pilot changes into a different instance of the same ship type.", "format": "int64", "title": "get_characters_character_id_ship_ship_item_id", "type": "integer"}, "ship_name": {"description": "ship_name string", "title": "get_characters_character_id_ship_ship_name", "type": "string"}, "ship_type_id": {"description": "ship_type_id integer", "format": "int32", "title": "get_characters_character_id_ship_ship_type_id", "type": "integer"}}, "required": ["ship_type_id", "ship_item_id", "ship_name"], "title": "get_characters_character_id_ship_ok", "type": "object", "x-model": "get_characters_character_id_ship_ok"}}, "304": {"description": "Not modified", "headers": {"Cache-Control": {"description": "The caching mechanism used", "type": "string"}, "ETag": {"description": "RFC7232 compliant entity tag", "type": "string"}, "Expires": {"description": "RFC7231 formatted datetime string", "type": "string"}, "Last-Modified": {"description": "RFC7231 formatted datetime string", "type": "string"}}}, "400": {"description": "Bad request", "examples": {"application/json": {"error": "Bad request message"}}, "schema": {"$ref": "#/definitions/bad_request", "x-scope": ["https://esi.evetech.net/_latest/swagger.json"]}}, "401": {"description": "Unauthorized", "examples": {"application/json": {"error": "Unauthorized message"}}, "schema": {"$ref": "#/definitions/unauthorized", "x-scope": ["https://esi.evetech.net/_latest/swagger.json"]}}, "403": {"description": "Forbidden", "examples": {"application/json": {"error": "Forbidden message"}}, "schema": {"$ref": "#/definitions/forbidden", "x-scope": ["https://esi.evetech.net/_latest/swagger.json"]}}, "420": {"description": "Error limited", "examples": {"application/json": {"error": "Error limited message"}}, "schema": {"$ref": "#/definitions/error_limited", "x-scope": ["https://esi.evetech.net/_latest/swagger.json"]}}, "500": {"description": "Internal server error", "examples": {"application/json": {"error": "Internal server error message"}}, "schema": {"$ref": "#/definitions/internal_server_error", "x-scope": ["https://esi.evetech.net/_latest/swagger.json"]}}, "503": {"description": "Service unavailable", "examples": {"application/json": {"error": "Service unavailable message"}}, "schema": {"$ref": "#/definitions/service_unavailable", "x-scope": ["https://esi.evetech.net/_latest/swagger.json"]}}, "504": {"description": "Gateway timeout", "examples": {"application/json": {"error": "Gateway timeout message"}}, "schema": {"$ref": "#/definitions/gateway_timeout", "x-scope": ["https://esi.evetech.net/_latest/swagger.json"]}}}, "security": [{"evesso": ["esi-location.read_ship_type.v1"]}], "summary": "Get current ship", "tags": ["Location"], "x-alternate-versions": ["dev", "legacy", "v1"], "x-cached-seconds": 5}}, "/v1/universe/structures/{structure_id}/": {"get": {"description": "Returns information on requested structure, if you are on the ACL. Otherwise, returns \"Forbidden\" for all inputs.\n\n---\n\nThis route is cached for up to 3600 seconds", "operationId": "get_universe_structures_structure_id", "parameters": [{"$ref": "#/parameters/datasource", "x-scope": ["https://esi.evetech.net/_latest/swagger.json"]}, {"$ref": "#/parameters/If-None-Match", "x-scope": ["https://esi.evetech.net/_latest/swagger.json"]}, {"description": "An Eve structure ID", "format": "int64", "in": "path", "name": "structure_id", "required": true, "type": "integer"}, {"$ref": "#/parameters/token", "x-scope": ["https://esi.evetech.net/_latest/swagger.json"]}], "responses": {"200": {"description": "Data about a structure", "examples": {"application/json": {"name": "V-3YG7 VI - The Capital", "solar_system_id": 30000142}}, "headers": {"Cache-Control": {"description": "The caching mechanism used", "type": "string"}, "ETag": {"description": "RFC7232 compliant entity tag", "type": "string"}, "Expires": {"description": "RFC7231 formatted datetime string", "type": "string"}, "Last-Modified": {"description": "RFC7231 formatted datetime string", "type": "string"}}, "schema": {"description": "200 ok object", "properties": {"name": {"description": "The full name of the structure", "title": "get_universe_structures_structure_id_name", "type": "string"}, "position": {"description": "Coordinates of the structure in Cartesian space relative to the Sun, in metres.\n", "properties": {"x": {"description": "x number", "format": "double", "title": "get_universe_structures_structure_id_x", "type": "number"}, "y": {"description": "y number", "format": "double", "title": "get_universe_structures_structure_id_y", "type": "number"}, "z": {"description": "z number", "format": "double", "title": "get_universe_structures_structure_id_z", "type": "number"}}, "required": ["x", "y", "z"], "title": "get_universe_structures_structure_id_position", "type": "object", "x-model": "get_universe_structures_structure_id_position"}, "solar_system_id": {"description": "solar_system_id integer", "format": "int32", "title": "get_universe_structures_structure_id_solar_system_id", "type": "integer"}, "type_id": {"description": "type_id integer", "format": "int32", "title": "get_universe_structures_structure_id_type_id", "type": "integer"}}, "required": ["name", "solar_system_id"], "title": "get_universe_structures_structure_id_ok", "type": "object", "x-model": "get_universe_structures_structure_id_ok"}}, "304": {"description": "Not modified", "headers": {"Cache-Control": {"description": "The caching mechanism used", "type": "string"}, "ETag": {"description": "RFC7232 compliant entity tag", "type": "string"}, "Expires": {"description": "RFC7231 formatted datetime string", "type": "string"}, "Last-Modified": {"description": "RFC7231 formatted datetime string", "type": "string"}}}, "400": {"description": "Bad request", "examples": {"application/json": {"error": "Bad request message"}}, "schema": {"$ref": "#/definitions/bad_request", "x-scope": ["https://esi.evetech.net/_latest/swagger.json"]}}, "401": {"description": "Unauthorized", "examples": {"application/json": {"error": "Unauthorized message"}}, "schema": {"$ref": "#/definitions/unauthorized", "x-scope": ["https://esi.evetech.net/_latest/swagger.json"]}}, "403": {"description": "Forbidden", "examples": {"application/json": {"error": "Forbidden message"}}, "schema": {"$ref": "#/definitions/forbidden", "x-scope": ["https://esi.evetech.net/_latest/swagger.json"]}}, "404": {"description": "Structure not found", "examples": {"application/json": {"error": "Not found message"}}, "schema": {"description": "Not found", "properties": {"error": {"description": "Not found message", "title": "get_universe_structures_structure_id_404_not_found", "type": "string"}}, "title": "get_universe_structures_structure_id_not_found", "type": "object", "x-model": "get_universe_structures_structure_id_not_found"}}, "420": {"description": "Error limited", "examples": {"application/json": {"error": "Error limited message"}}, "schema": {"$ref": "#/definitions/error_limited", "x-scope": ["https://esi.evetech.net/_latest/swagger.json"]}}, "500": {"description": "Internal server error", "examples": {"application/json": {"error": "Internal server error message"}}, "schema": {"$ref": "#/definitions/internal_server_error", "x-scope": ["https://esi.evetech.net/_latest/swagger.json"]}}, "503": {"description": "Service unavailable", "examples": {"application/json": {"error": "Service unavailable message"}}, "schema": {"$ref": "#/definitions/service_unavailable", "x-scope": ["https://esi.evetech.net/_latest/swagger.json"]}}, "504": {"description": "Gateway timeout", "examples": {"application/json": {"error": "Gateway timeout message"}}, "schema": {"$ref": "#/definitions/gateway_timeout", "x-scope": ["https://esi.evetech.net/_latest/swagger.json"]}}}, "security": [{"evesso": ["esi-universe.read_structures.v1"]}], "summary": "Get structure information", "tags": ["Universe"], "x-alternate-versions": ["dev", "legacy", "v1"], "x-cached-seconds": 3600}}, "/v2/universe/stations/{station_id}/": {"get": {"description": "Get information on a station\n\n---\n\nThis route expires daily at 11:05", "operationId": "get_universe_stations_station_id", "parameters": [{"$ref": "#/parameters/datasource", "x-scope": ["https://esi.evetech.net/_latest/swagger.json"]}, {"$ref": "#/parameters/If-None-Match", "x-scope": ["https://esi.evetech.net/_latest/swagger.json"]}, {"description": "station_id integer", "format": "int32", "in": "path", "name": "station_id", "required": true, "type": "integer"}], "responses": {"200": {"description": "Information about a station", "examples": {"application/json": {"max_dockable_ship_volume": 50000000, "name": "Jakanerva III - Moon 15 - Prompt Delivery Storage", "office_rental_cost": 10000, "owner": 1000003, "position": {"x": 165632286720, "y": 2771804160, "z": -2455331266560}, "race_id": 1, "reprocessing_efficiency": 0.5, "reprocessing_stations_take": 0.05, "services": ["courier-missions", "reprocessing-plant", "market", "repair-facilities", "fitting", "news", "storage", "insurance", "docking", "office-rental", "loyalty-point-store", "navy-offices"], "station_id": 60000277, "system_id": 30000148, "type_id": 1531}}, "headers": {"Cache-Control": {"description": "The caching mechanism used", "type": "string"}, "ETag": {"description": "RFC7232 compliant entity tag", "type": "string"}, "Expires": {"description": "RFC7231 formatted datetime string", "type": "string"}, "Last-Modified": {"description": "RFC7231 formatted datetime string", "type": "string"}}, "schema": {"description": "200 ok object", "properties": {"max_dockable_ship_volume": {"description": "max_dockable_ship_volume number", "format": "float", "title": "get_universe_stations_station_id_max_dockable_ship_volume", "type": "number"}, "name": {"description": "name string", "title": "get_universe_stations_station_id_name", "type": "string"}, "office_rental_cost": {"description": "office_rental_cost number", "format": "float", "title": "get_universe_stations_station_id_office_rental_cost", "type": "number"}, "owner": {"description": "ID of the corporation that controls this station", "format": "int32", "title": "get_universe_stations_station_id_owner", "type": "integer"}, "position": {"description": "position object", "properties": {"x": {"description": "x number", "format": "double", "title": "get_universe_stations_station_id_x", "type": "number"}, "y": {"description": "y number", "format": "double", "title": "get_universe_stations_station_id_y", "type": "number"}, "z": {"description": "z number", "format": "double", "title": "get_universe_stations_station_id_z", "type": "number"}}, "required": ["x", "y", "z"], "title": "get_universe_stations_station_id_position", "type": "object", "x-model": "get_universe_stations_station_id_position"}, "race_id": {"description": "race_id integer", "format": "int32", "title": "get_universe_stations_station_id_race_id", "type": "integer"}, "reprocessing_efficiency": {"description": "reprocessing_efficiency number", "format": "float", "title": "get_universe_stations_station_id_reprocessing_efficiency", "type": "number"}, "reprocessing_stations_take": {"description": "reprocessing_stations_take number", "format": "float", "title": "get_universe_stations_station_id_reprocessing_stations_take", "type": "number"}, "services": {"description": "services array", "items": {"description": "service string", "enum": ["bounty-missions", "assasination-missions", "courier-missions", "interbus", "reprocessing-plant", "refinery", "market", "black-market", "stock-exchange", "cloning", "surgery", "dna-therapy", "repair-facilities", "factory", "labratory", "gambling", "fitting", "paintshop", "news", "storage", "insurance", "docking", "office-rental", "jump-clone-facility", "loyalty-point-store", "navy-offices", "security-offices"], "title": "get_universe_stations_station_id_service", "type": "string"}, "maxItems": 30, "title": "get_universe_stations_station_id_services", "type": "array"}, "station_id": {"description": "station_id integer", "format": "int32", "title": "get_universe_stations_station_id_station_id", "type": "integer"}, "system_id": {"description": "The solar system this station is in", "format": "int32", "title": "get_universe_stations_station_id_system_id", "type": "integer"}, "type_id": {"description": "type_id integer", "format": "int32", "title": "get_universe_stations_station_id_type_id", "type": "integer"}}, "required": ["station_id", "name", "type_id", "position", "system_id", "reprocessing_efficiency", "reprocessing_stations_take", "max_dockable_ship_volume", "office_rental_cost", "services"], "title": "get_universe_stations_station_id_ok", "type": "object", "x-model": "get_universe_stations_station_id_ok"}}, "304": {"description": "Not modified", "headers": {"Cache-Control": {"description": "The caching mechanism used", "type": "string"}, "ETag": {"description": "RFC7232 compliant entity tag", "type": "string"}, "Expires": {"description": "RFC7231 formatted datetime string", "type": "string"}, "Last-Modified": {"description": "RFC7231 formatted datetime string", "type": "string"}}}, "400": {"description": "Bad request", "examples": {"application/json": {"error": "Bad request message"}}, "schema": {"$ref": "#/definitions/bad_request", "x-scope": ["https://esi.evetech.net/_latest/swagger.json"]}}, "404": {"description": "Station not found", "examples": {"application/json": {"error": "Not found message"}}, "schema": {"description": "Not found", "properties": {"error": {"description": "Not found message", "title": "get_universe_stations_station_id_404_not_found", "type": "string"}}, "title": "get_universe_stations_station_id_not_found", "type": "object", "x-model": "get_universe_stations_station_id_not_found"}}, "420": {"description": "Error limited", "examples": {"application/json": {"error": "Error limited message"}}, "schema": {"$ref": "#/definitions/error_limited", "x-scope": ["https://esi.evetech.net/_latest/swagger.json"]}}, "500": {"description": "Internal server error", "examples": {"application/json": {"error": "Internal server error message"}}, "schema": {"$ref": "#/definitions/internal_server_error", "x-scope": ["https://esi.evetech.net/_latest/swagger.json"]}}, "503": {"description": "Service unavailable", "examples": {"application/json": {"error": "Service unavailable message"}}, "schema": {"$ref": "#/definitions/service_unavailable", "x-scope": ["https://esi.evetech.net/_latest/swagger.json"]}}, "504": {"description": "Gateway timeout", "examples": {"application/json": {"error": "Gateway timeout message"}}, "schema": {"$ref": "#/definitions/gateway_timeout", "x-scope": ["https://esi.evetech.net/_latest/swagger.json"]}}}, "summary": "Get station information", "tags": ["Universe"], "x-alternate-versions": ["dev", "v2"]}}, "/v3/universe/systems/{system_id}/": {"get": {"description": "Get information on a solar system\n\n---\n\nThis route expires daily at 11:05", "operationId": "get_universe_systems_system_id", "parameters": [{"$ref": "#/parameters/Accept-Language", "x-scope": ["https://esi.evetech.net/_latest/swagger.json"]}, {"$ref": "#/parameters/datasource", "x-scope": ["https://esi.evetech.net/_latest/swagger.json"]}, {"$ref": "#/parameters/If-None-Match", "x-scope": ["https://esi.evetech.net/_latest/swagger.json"]}, {"$ref": "#/parameters/language", "x-scope": ["https://esi.evetech.net/_latest/swagger.json"]}, {"description": "system_id integer", "format": "int32", "in": "path", "name": "system_id", "required": true, "type": "integer"}], "responses": {"200": {"description": "Information about a solar system", "examples": {"application/json": {"constellation_id": 20000001, "name": "Akpivem", "planets": [{"moons": [40000042], "planet_id": 40000041}, {"planet_id": 40000043}], "position": {"x": -91174141133075340, "y": 43938227486247170, "z": -56482824383339900}, "security_class": "B", "security_status": 0.8462923765, "star_id": 40000040, "stargates": [50000342], "system_id": 30000003}}, "headers": {"Cache-Control": {"description": "The caching mechanism used", "type": "string"}, "Content-Language": {"description": "The language used in the response", "enum": ["de", "en-us", "fr", "ja", "ru", "zh"], "type": "string"}, "ETag": {"description": "RFC7232 compliant entity tag", "type": "string"}, "Expires": {"description": "RFC7231 formatted datetime string", "type": "string"}, "Last-Modified": {"description": "RFC7231 formatted datetime string", "type": "string"}}, "schema": {"description": "200 ok object", "properties": {"constellation_id": {"description": "The constellation this solar system is in", "format": "int32", "title": "get_universe_systems_system_id_constellation_id", "type": "integer"}, "name": {"description": "name string", "title": "get_universe_systems_system_id_name", "type": "string"}, "planets": {"description": "planets array", "items": {"description": "planet object", "properties": {"asteroid_belts": {"description": "asteroid_belts array", "items": {"description": "asteroid_belt integer", "format": "int32", "title": "get_universe_systems_system_id_asteroid_belt", "type": "integer"}, "maxItems": 100, "title": "get_universe_systems_system_id_asteroid_belts", "type": "array"}, "moons": {"description": "moons array", "items": {"description": "moon integer", "format": "int32", "title": "get_universe_systems_system_id_moon", "type": "integer"}, "maxItems": 1000, "title": "get_universe_systems_system_id_moons", "type": "array"}, "planet_id": {"description": "planet_id integer", "format": "int32", "title": "get_universe_systems_system_id_planet_id", "type": "integer"}}, "required": ["planet_id"], "title": "get_universe_systems_system_id_planet", "type": "object", "x-model": "get_universe_systems_system_id_planet"}, "maxItems": 1000, "title": "get_universe_systems_system_id_planets", "type": "array"}, "position": {"description": "position object", "properties": {"x": {"description": "x number", "format": "double", "title": "get_universe_systems_system_id_x", "type": "number"}, "y": {"description": "y number", "format": "double", "title": "get_universe_systems_system_id_y", "type": "number"}, "z": {"description": "z number", "format": "double", "title": "get_universe_systems_system_id_z", "type": "number"}}, "required": ["x", "y", "z"], "title": "get_universe_systems_system_id_position", "type": "object", "x-model": "get_universe_systems_system_id_position"}, "security_class": {"description": "security_class string", "title": "get_universe_systems_system_id_security_class", "type": "string"}, "security_status": {"description": "security_status number", "format": "float", "title": "get_universe_systems_system_id_security_status", "type": "number"}, "star_id": {"description": "star_id integer", "format": "int32", "title": "get_universe_systems_system_id_star_id", "type": "integer"}, "stargates": {"description": "stargates array", "items": {"description": "stargate integer", "format": "int32", "title": "get_universe_systems_system_id_stargate", "type": "integer"}, "maxItems": 25, "title": "get_universe_systems_system_id_stargates", "type": "array"}, "stations": {"description": "stations array", "items": {"description": "station integer", "format": "int32", "title": "get_universe_systems_system_id_station", "type": "integer"}, "maxItems": 25, "title": "get_universe_systems_system_id_stations", "type": "array"}, "system_id": {"description": "system_id integer", "format": "int32", "title": "get_universe_systems_system_id_system_id", "type": "integer"}}, "required": ["star_id", "system_id", "name", "position", "security_status", "constellation_id", "planets"], "title": "get_universe_systems_system_id_ok", "type": "object", "x-model": "get_universe_systems_system_id_ok"}}, "304": {"description": "Not modified", "headers": {"Cache-Control": {"description": "The caching mechanism used", "type": "string"}, "ETag": {"description": "RFC7232 compliant entity tag", "type": "string"}, "Expires": {"description": "RFC7231 formatted datetime string", "type": "string"}, "Last-Modified": {"description": "RFC7231 formatted datetime string", "type": "string"}}}, "400": {"description": "Bad request", "examples": {"application/json": {"error": "Bad request message"}}, "schema": {"$ref": "#/definitions/bad_request", "x-scope": ["https://esi.evetech.net/_latest/swagger.json"]}}, "404": {"description": "Solar system not found", "examples": {"application/json": {"error": "Not found message"}}, "schema": {"description": "Not found", "properties": {"error": {"description": "Not found message", "title": "get_universe_systems_system_id_404_not_found", "type": "string"}}, "title": "get_universe_systems_system_id_not_found", "type": "object", "x-model": "get_universe_systems_system_id_not_found"}}, "420": {"description": "Error limited", "examples": {"application/json": {"error": "Error limited message"}}, "schema": {"$ref": "#/definitions/error_limited", "x-scope": ["https://esi.evetech.net/_latest/swagger.json"]}}, "500": {"description": "Internal server error", "examples": {"application/json": {"error": "Internal server error message"}}, "schema": {"$ref": "#/definitions/internal_server_error", "x-scope": ["https://esi.evetech.net/_latest/swagger.json"]}}, "503": {"description": "Service unavailable", "examples": {"application/json": {"error": "Service unavailable message"}}, "schema": {"$ref": "#/definitions/service_unavailable", "x-scope": ["https://esi.evetech.net/_latest/swagger.json"]}}, "504": {"description": "Gateway timeout", "examples": {"application/json": {"error": "Gateway timeout message"}}, "schema": {"$ref": "#/definitions/gateway_timeout", "x-scope": ["https://esi.evetech.net/_latest/swagger.json"]}}}, "summary": "Get solar system information", "tags": ["Universe"], "x-alternate-versions": ["dev", "v3"]}}}}